track_id,expected,artist,title,purity_grade,elapsed_sec,traditional_acc_gt_0_50__open21_top1,traditional_acc_gt_0_50__closed13_top1,traditional_acc_gt_0_50__strict_primary,traditional_acc_gt_0_50__abstained,traditional_acc_and_f1_gt_0_50__closed13_top1,traditional_literal_acc_gt_0_50__closed13_top1,traditional_all69_raw_diagnostic__closed13_top1,technical_logreg__top1,embedding_logreg__top1,fusion_svm__top1
01717e42ff56d162,dancehall,"Bad Bunny,Drake",MIA (feat. Drake),A,917.308,funk,funk,,True,funk,funk,dancehall,dancehall,dancehall,dancehall
042c62464b524ce4,boombap,Lords of the Underground,What I'm After,A,543.81,boombap,boombap,,True,boombap,funk,boombap,funk,boombap,boombap
074b5867a7993833,jazz_hiphop,"Robert de Boron,Othello",Prayer Vox feat. Vivian Chen ~infused by Caccini πÇîAve MariaπÇì~,A,942.711,funk,funk,,True,funk,funk,boombap,jazz_hiphop,jazz_hiphop,jazz_hiphop
09371f0f29e2c6a4,jersey_club,Bandmanrill,FREE BRO,A,402.795,trap_soul,funk,,True,trap,funk,trap,jersey_club,jersey_club,jersey_club
0d8966dace278086,breakbeat,2 Bad Mice,No Respect,A,1350.785,funk,funk,,True,disco,funk,house,breakbeat,breakbeat,breakbeat
1016c9c0d9a4ecd6,house,Phonique,For The Time Being,A,831.578,funk,funk,,True,baile_funk,funk,house,house,house,house
120cc0677da8aa7f,baile_funk,Lazuli,No Me Tocas,A,288.74,funk,funk,,True,funk,funk,trap,amapiano,baile_funk,baile_funk
160ae213bbe0b921,afro_afrobeats,"Rema,Selena Gomez",Calm Down,A,534.178,house,house,,True,house,house,house,dancehall,afro_afrobeats,afro_afrobeats
164314a928b8d35d,trap,Nicki Minaj,Yikes,A,526.108,funk,funk,,True,funk,funk,boombap,trap,trap,trap
19dd6399e3f1caa0,amapiano,"Boohle,Busta 929,Reece Madlisa",Hamba Nobani,A,1036.229,moombahton,funk,,True,disco,funk,house,disco,amapiano,amapiano
1b0fdbbffc8d0e98,amapiano,Remy Baggins,Sample,A,625.966,trap_soul,funk,,True,trap,funk,trap,grime_uk_hiphop,amapiano,amapiano
1c495e2c042293db,amapiano,"DJ Shawn,L.A.X,Reekado Banks",BADDEST,A,816.505,funk,funk,,True,funk,funk,house,amapiano,amapiano,amapiano
1f5e732a369cc1be,jazz_hiphop,GAGLE,Love Note (Original Instrumental),A,865.979,funk,funk,funk,False,funk,funk,funk,dancehall,jazz_hiphop,jazz_hiphop
2421bf94e8c0430c,boombap,Wreckx-N-Effect,Rump Shaker,A,967.463,funk,funk,,True,funk,funk,boombap,boombap,boombap,boombap
246e6a0378742289,funk,The Reddings,Doin' It,A,896.951,house,house,,True,baile_funk,house,house,breakbeat,funk,funk
30542f6b6f86e278,disco,Michael Fortunati,Give Me Up,A,811.504,baile_funk,baile_funk,,True,baile_funk,baile_funk,house,disco,disco,disco
44108e04909e6bd1,breakbeat,Sonz of a Loop Da Loop Era,Far Out,A,831.629,breakbeat,breakbeat,,True,breakbeat,breakbeat,breakbeat,breakbeat,breakbeat,breakbeat
441fc43b35110f9b,disco,Divine,Shoot Your Shot,A,1211.848,baile_funk,baile_funk,,True,baile_funk,funk,house,disco,disco,disco
4901bfdc3cf959f2,breakbeat,ankokushinwa,Lose Control,A,987.676,funk,funk,,True,house,funk,house,amapiano,breakbeat,breakbeat
49d4ac83da372eab,funk,Bruno Mars,24K Magic (1),C,886.453,funk,funk,,True,funk,funk,funk,funk,boombap,boombap
506d0d59407ac4c5,disco,Ken Laszlo,Tonight,A,1110.062,baile_funk,baile_funk,,True,baile_funk,baile_funk,house,disco,disco,disco
5f7a688d0c0dff4e,jazz_hiphop,Nieve,Playback (feat. Ine),C,892.536,funk,funk,,True,funk,funk,boombap,dancehall,trap,jazz_hiphop
61926ee832b5095d,amapiano,"Ms Dee,A-Star",Yensa,A,1192.653,moombahton,funk,,True,disco,funk,house,afro_afrobeats,amapiano,amapiano
61f26b2414652cfe,dancehall,"DJ Snake,Justin Bieber",Let Me Love You,A,653.348,funk,funk,,True,funk,funk,house,dancehall,dancehall,dancehall
64f489707fddc310,afro_afrobeats,Doja Cat,Woman,A,630.499,disco,disco,,True,disco,disco,house,boombap,afro_afrobeats,afro_afrobeats
660a7b9fd0a7eca8,jersey_club,Yamaica,Shake The Room Jersey Club,C,632.214,funk,funk,,True,funk,funk,trap,afro_afrobeats,grime_uk_hiphop,grime_uk_hiphop
68e1b6036f7f3d0d,house,Cassius,Feeling for You,C,971.501,funk,funk,,True,baile_funk,funk,house,baile_funk,breakbeat,breakbeat
6aa43bf8997b9757,grime_uk_hiphop,"Skrillex,Missy Elliott,Mr. Oizo",RATATA,A,596.771,funk,funk,,True,funk,funk,trap,grime_uk_hiphop,grime_uk_hiphop,grime_uk_hiphop
6b70bdcea259890c,funk,Bruno Mars,Treasure (1),A,635.13,funk,funk,,True,funk,funk,house,disco,funk,funk
6f1731cc39ec867d,trap,"Trip Lee,Thi'sl",Lazarus,C,1013.343,funk,funk,,True,funk,funk,trap,boombap,jersey_club,jersey_club
79b8034c69bfb4de,grime_uk_hiphop,"Redlight,Kam-Bu,Tia Carys",I Like,A,453.119,baile_funk,baile_funk,,True,baile_funk,baile_funk,house,grime_uk_hiphop,grime_uk_hiphop,grime_uk_hiphop
7ae130bf79ad0b47,amapiano,"Costa Titch,CΓÇÖBuda M,Alfa Kat",Big Flexa,A,1000.335,moombahton,disco,,True,disco,disco,house,amapiano,amapiano,amapiano
7c28de573d1db91e,boombap,Manafest,Bounce,C,573.961,funk,funk,,True,funk,funk,boombap,afro_afrobeats,trap,boombap
8609b4e8327adfe2,house,Mujuice,Gone Gone Gone,A,1378.074,funk,funk,,True,house,funk,house,baile_funk,house,house
86facefc6cb91411,jersey_club,IShowSpeed,Big Girls,A,609.607,funk,funk,,True,funk,funk,trap,baile_funk,jersey_club,jersey_club
8728534e623361f3,jazz_hiphop,"Shing02,Cradle Orchestra",Ampersand,A,619.162,funk,funk,,True,funk,funk,boombap,jazz_hiphop,jazz_hiphop,jazz_hiphop
8978aa380e85155e,boombap,Gramatik,Lonely & Cold,C,603.852,breakbeat,breakbeat,,True,breakbeat,breakbeat,breakbeat,trap,jazz_hiphop,jazz_hiphop
8ce53e9395381408,jazz_hiphop,"Uyama Hiroto,Cise Starr",Soul Of Freedom,C,419.479,funk,funk,,True,funk,funk,boombap,jazz_hiphop,boombap,boombap
9008996c0865ce47,baile_funk,The Weeknd,Sa╠âo Paulo,A,848.693,house,house,,True,house,house,house,house,baile_funk,house
90b739cb337d1003,dancehall,Justin Bieber,Sorry,A,490.732,funk,funk,,True,funk,funk,dancehall,dancehall,dancehall,dancehall
94f7145943172f32,grime_uk_hiphop,"Fred again..,Skepta,PlaqueBoyMax",Victory Lap Five,A,968.415,house,house,,True,disco,disco,trap,grime_uk_hiphop,grime_uk_hiphop,grime_uk_hiphop
a51ea8ccae8992c6,dancehall,Stefflon Don,16 Shots,A,691.63,funk,funk,,True,funk,funk,dancehall,dancehall,dancehall,dancehall
a9a3ae9c675678f6,disco,Rick Astley,Never Gonna Give You Up,B,882.422,house,house,,True,funk,house,house,breakbeat,disco,disco
ace27450c5d5ab36,jersey_club,"YK ACE,Unicorn151",Come Up,A,457.461,funk,funk,,True,house,funk,house,baile_funk,jersey_club,jersey_club
af4abf1b2f376930,dancehall,Chris Brown,Questions,A,322.297,funk,funk,,True,disco,funk,dancehall,funk,dancehall,dancehall
afc2c5c171a1fce8,boombap,"Nujabes,Shing02",Luv(sic.) Part 3 (feat. Shing02),C,1173.231,funk,funk,,True,funk,funk,boombap,jazz_hiphop,jazz_hiphop,jazz_hiphop
b3f6c0aa6864581c,trap,Mahogany Lox,Wylin',C,476.558,funk,funk,,True,funk,funk,grime_uk_hiphop,trap,grime_uk_hiphop,grime_uk_hiphop
b6591545584d43e0,grime_uk_hiphop,"Flava D,Stush",Energy,A,490.669,breakbeat,breakbeat,,True,breakbeat,breakbeat,grime_uk_hiphop,amapiano,grime_uk_hiphop,grime_uk_hiphop
b8ffcc19b1cb7e07,house,Edu Imbernon,Talgo,A,1005.507,baile_funk,baile_funk,,True,baile_funk,baile_funk,house,amapiano,house,house
bd261eec5af100ee,baile_funk,Dj Scuff,Clap Clap,C,403.986,trap_soul,funk,,True,funk,funk,house,house,grime_uk_hiphop,grime_uk_hiphop
c6b932fd11db127b,breakbeat,Congress,40 Miles,A,1160.883,breakbeat,breakbeat,,True,breakbeat,breakbeat,breakbeat,disco,breakbeat,breakbeat
c7ec310ec6b714c8,afro_afrobeats,Tyla,Truth or Dare,A,572.597,house,house,,True,house,house,house,afro_afrobeats,afro_afrobeats,afro_afrobeats
cbd413e0e1c43d7e,funk,Pages,If I Saw You Again,A,480.928,funk,funk,,True,funk,funk,house,funk,funk,funk
d11e0b16330b9731,trap,Tyga,Lightskin Lil Wayne,A,399.865,funk,funk,,True,funk,funk,amapiano,dancehall,trap,trap
d6bc87ba8daaaa9d,jersey_club,Implaccable,DSK,A,307.985,funk,funk,,True,funk,funk,funk,boombap,jersey_club,jersey_club
d762327fee24ce3e,afro_afrobeats,Tyla,Water,A,525.356,house,house,,True,house,funk,house,afro_afrobeats,afro_afrobeats,afro_afrobeats
d8e167ca8fe99139,afro_afrobeats,"Lojay,Sarz,Chris Brown",Monalisa,B,688.889,disco,disco,,True,house,disco,house,dancehall,afro_afrobeats,amapiano
dcc387e31f96b0f7,disco,Fred Ventura,Leave Me Alone,A,884.006,baile_funk,baile_funk,,True,baile_funk,baile_funk,house,disco,disco,disco
dfa2711a5ba3f541,baile_funk,"Tion Wayne,LeoStayTrill,MJ Cole",Crazy Love,C,383.553,trap_soul,funk,,True,trap,funk,trap,grime_uk_hiphop,grime_uk_hiphop,grime_uk_hiphop
ec77d16b9f1c0372,house,XG,SOMETHING AIN'T RIGHT,C,279.429,funk,funk,,True,funk,funk,house,breakbeat,baile_funk,house
eeab700d2f17b14f,trap,Lil Nas X,Old Town Road,A,213.51,trap_soul,funk,,True,funk,funk,trap,trap,trap,trap
f0697213cb363c43,grime_uk_hiphop,Stormzy,Cold,A,589.031,trap_soul,funk,,True,trap,funk,trap,grime_uk_hiphop,grime_uk_hiphop,grime_uk_hiphop
f2b99cc618ddbeeb,baile_funk,JENNIE,like JENNIE,A,410.209,funk,funk,,True,funk,funk,house,funk,baile_funk,baile_funk
f2c81091b622e284,funk,Chipper,Let's Groove,C,571.919,baile_funk,baile_funk,,True,baile_funk,baile_funk,house,baile_funk,house,house
f73c75305b8a88de,breakbeat,Baby D,Let Me Be Your Fantasy - Original Mix,A,1169.748,funk,funk,,True,funk,funk,breakbeat,jersey_club,breakbeat,breakbeat
